irs_id	phone	email	full_name		important
I64827-479	555-333-8113	rodrickcarr2@wahoo.com	Roderick Carr		
I61237-735	555-458-7255	gouldk@eeemail.com	Kaleb Gould		
I25814-933	555-167-1748	t.w.flynn.x@eeemail.com	Talon Flynn		
I64671-931	555-774-7652	aronduncan99@wahoo.com	Aron Duncan		
I77270-809	555-975-6832	kamari_mitchell@eeemail.com	Kamari Mitchell		
I49683-982	555-433-3348	rex.savage.legacy@notmail.com	Rex Savage		
I86345-901	555-835-2275	harrelm_12@eeemail.com	Marques Harrell		
I80397-693	555-279-9142	bruce.johnson@copmail.com	Bruce Johnson		*
I24270-766	555-894-1413	laura.crane.johnson@eeemail.com	Laura Johnson		*
I20210-713	555-941-2857	lauracrane78@wahoo.com	Laura Crane		*
I20350-102	555-934-2815	crazee_js_girl@eeemail.com	Laura Johnson		
I89277-217	555-600-8071	ggrhodes@hogmail.com	Gina Rhodes		
I64208-903	555-535-3103	bigmadraven@ayeol.com	Raven Madden		
I39202-234	555-284-9556	larissa_2m@baver.net	Larissa Mcmillan		
I31572-143	555-789-1858	krissssssy@xomxast.net	Christina Flores		
I43788-244	555-209-7538	handm.hines@xomxast.net	Hazel Hines		
I95179-186	555-476-9176	notthatkelley@eeemail.com	Renisse Kelley		
I47902-318	555-756-2380	msfowlchic@nsn.com	Corinne Fowler		
I29005-308	555-532-3266	simeonw@wardandco.com	Simeon Ward		
I64358-361	555-199-1661	shortkingvamp@wahoo.com	Levi Collins		
I94667-106	555-446-1525	cayden_Xhale@eeemail.com	Cayden Hale		
I18921-741	555-138-5663	whitwhitb@wahoo.com	Whitney Burton		
I85393-393	555-530-3926	blaine_4DDD@electronmail.net	Blaine Cochran		
I35093-105	555-563-3197	k.strong4@notmail.com	Kendall Strong		
I81779-998	555-608-9160	l.s.travis@firebad.net	Laura Travis		
I46807-290	555-203-9328	jjhubbris79@nsn.com	Jamal Hubbard		
I76046-916	555-306-7921	axxjamesxx@wahoo.com	Adriel James		
I20678-561	555-966-1016	mmacrc@xomxast.net	Maribel Mccann		
I18960-736	555-316-2911	randerson.wil@firebad.net	Ricardo Wilkinson		
I33285-215	555-964-2890	strongestwif4ver@nsn.com	Samson Callahan		
I56289-105	555-257-7639	deborah.mckee@xomxast.net	Deborah Mckee		
I93130-992	555-933-4402	ababhayden@ayeol.com	Abdullah Hayden		
I39779-974	555-554-4850	ernestdorsey@ayeol.com	Ernest Dorsey		
I41359-648	555-862-2355	angelic_the_mason@electronmail.net	Angelica Mason		
I70933-411	555-803-9464	selenamurphy43@xomxast.net	Selena Murphy		
I20129-933	555-882-9396	heyqarnold@notmail.com	Quinn Arnold		
I54632-926	555-308-5237	sladepstroker@notmail.com	Slade Phillips		
I62569-992	555-855-5379	doublea78@electronmail.net	Abagail Allison		
I43561-649	555-122-3978	zannydeleon@eeemail.com	Zander Deleon		
I83711-730	555-266-3660	marques_benton@nsn.com	Marques Benton		
I53773-531	555-738-2014	bronsonb@nsn.com	Bronson Boyer		
I27447-933	555-692-1265	ellybuchanann@ayeol.com	Elian Buchanan		
I86287-168	555-855-7821	itsssbaeley@baver.net	Bailey Yang		
I90624-910	555-122-2578	adriel_humphrey@ayeol.com	Adriel Humphrey		
I19594-839	555-638-3133	dax.cameron@copmail.com	Dax Cameron		
I11712-807	555-156-2665	marcie.thorn@copmail.com	Marcie Thorn		
I63154-351	555-384-9626	bill.brewer@copmail.com	Bill Brewer		
I48123-122	555-422-3579	wallace.smith@copmail.com	Wallace Smith		
I92553-510	555-217-5261	james.price@copmail.com	James Price		
I73243-242	555-316-5072	sandra.lopez@copmail.com	Sandra Lopez		
I52830-613	555-719-5681	maxine.perry@copmail.com	Maxine Perry		
I61500-580	555-882-8886	darren.michaels@copmail.com	Darren Michaels		
I37688-124	555-730-9633	sean.petty@copmail.com	Sean Petty		
I77367-547	555-927-7456	ashton.decker@copmail.com	Ashton Decker		
I48782-730	555-444-7240	jadyn.woods@copmail.com	Jadyn Woods		
I92142-485	555-576-8184	paityn.greene@copmail.com	Paityn Greene		
I51102-126	555-339-3104	kenneth.stafford@copmail.com	Kenneth Stafford		
I70501-322	555-261-4634	cooper.dalton@copmail.com	Cooper Dalton		
I47561-818	555-714-2632	kristopher.andersen@copmail.com	Kristopher Andersen		
I57397-832	555-958-3913	pablo.yu@copmail.com	Pablo Yu		
I18358-974	555-291-5676	irvin.mclaughlin@copmail.com	Irvin Mclaughlin		
I74688-108	555-269-8236	jaden.meadows@copmail.com	Jaden Meadows		
I78405-458	555-799-3589	elsie.patrick@copmail.com	Elsie Patrick		